<?xml version="1.0" encoding="UTF-8"?>
<beans default-lazy-init="true"
    xmlns="http://www.springframework.org/schema/beans" xmlns:p="http://www.springframework.org/schema/p"
    xmlns:tx="http://www.springframework.org/schema/tx" xmlns:aop="http://www.springframework.org/schema/aop"
    xmlns:xsi="http://www.w3.org/2001/XMLSchema-instance" xmlns:context="http://www.springframework.org/schema/context"
    xmlns:mvc="http://www.springframework.org/schema/mvc"
    xmlns:util="http://www.springframework.org/schema/util"
    xsi:schemaLocation="
       http://www.springframework.org/schema/beans 
       http://www.springframework.org/schema/beans/spring-beans-3.1.xsd  
       http://www.springframework.org/schema/mvc 
       http://www.springframework.org/schema/mvc/spring-mvc-3.1.xsd   
       http://www.springframework.org/schema/context 
       http://www.springframework.org/schema/context/spring-context-3.1.xsd
       http://www.springframework.org/schema/util
       http://www.springframework.org/schema/util/spring-util-4.2.xsd">
       
	<!-- 需要使用 @Controller 注解   -->
	<context:component-scan base-package="com.ajaxjs.business.controller, com.ajaxjs.framework.user, com.ajaxjs.cms, com.egdtv.crawler.*" />
	<!-- <bean name="/greeting" class="com.ajaxjs.business.controller.NewsController" 
		/> -->
		
	<mvc:annotation-driven validator="validator"/>
	
	<!-- 数据验证 Validator bean -->
	<bean id="validator" class="org.springframework.validation.beanvalidation.LocalValidatorFactoryBean">
	    <property name="providerClass" value="org.apache.bval.jsr.ApacheValidationProvider" />
	</bean>
	<!-- // -->

	<!-- <mvc:resources location="/bigfoot/" mapping="/bigfoot/**" /> -->
	<!-- ViewResolver -->
	<bean id="viewResolver"
		class="org.springframework.web.servlet.view.InternalResourceViewResolver">
		<property name="prefix" value="/WEB-INF/jsp/" />
		<property name="suffix" value=".jsp" />
	</bean>
<!-- ！2121 -->
	<bean class="org.apache.shiro.spring.security.interceptor.AuthorizationAttributeSourceAdvisor" />

	<bean id="securityManager" class="org.apache.shiro.web.mgt.DefaultWebSecurityManager">
		<property name="realm" ref="shiroDbRealm" />
	</bean>

	<bean id="shiroDbRealm" class="com.ajaxjs.framework.service.ShiroDbRealm" />

	<bean id="captchaFormAuthenticationFilter"
		class="com.ajaxjs.framework.user.captcha.CaptchaFormAuthenticationFilter">
		<property name="usernameParam" value="name" />
<!-- 		<property name="passwordParam" value="password" /> -->
<!-- 		<property name="rememberMeParam" value="rememberMe" /> -->
		<property name="loginUrl" value="/service/user/access/login" />
	</bean>
	
	<bean id="shiroFilter" class="org.apache.shiro.spring.web.ShiroFilterFactoryBean">
		<property name="securityManager" ref="securityManager" />
		<property name="loginUrl" value="/service/user/access/login" />
		<property name="successUrl" value="/service/user/welcome" />
		<property name="unauthorizedUrl" value="/service/user/unauthorized" />
		
		<property name="filters"> 
	      <util:map> 
	         <entry key="authcaptcha" value-ref="captchaFormAuthenticationFilter" /> 
	      </util:map> 
	   </property> 
		<property name="filterChainDefinitions">
			<value>
				/resources/** = anon
				/manageUsers = perms[user:manage]
				/service/user/access/login = authcaptcha
				/admin/** = authc
				/cms/** = authc
				#/** = authc
			</value>
		</property>
	</bean>

	<bean id="lifecycleBeanPostProcessor" class="org.apache.shiro.spring.LifecycleBeanPostProcessor" />
	<bean class="org.springframework.aop.framework.autoproxy.DefaultAdvisorAutoProxyCreator" depends-on="lifecycleBeanPostProcessor" />

	<bean class="org.apache.shiro.spring.security.interceptor.AuthorizationAttributeSourceAdvisor">
		<property name="securityManager" ref="securityManager" />
	</bean>
</beans>