{
	"site": {
		"titlePrefix": "广州市运盛建筑科技有限公司",
		"keywords": "无忧在线",
		"description": "大华•川式料理饮食有限公司于2015年成立，本公司目标致力打造中国新派川菜系列。炜爵爷川菜料理系列的精髓在于清、鲜、醇、浓、香、烫、酥、嫩，擅用麻辣。在服务出品环节上，团队以ISO9000为蓝本建立标准化餐饮体系，务求以崭新的姿态面向社会各界人仕，提供更优质的服务以及出品。炜爵爷宗旨：麻辣鲜香椒，美味有诀窍，靓油用一次，精品煮御赐。 ",
		"footCopyright": "版权所有",
		"site_icp" : ""
	},
	"clientFullName": "广州市运盛建筑科技有限公司",
	"clientShortName": "运盛科技",
	"isDebug": true,
	"data": {
		"articleCatalog_Id": 15,
		"hrCatalog_Id": 112,
		"bankCatelog_Id": 90,
		"loanCatalog_Id": 60,
		"adsCatalog_Id" : 122,
		"database_node": null
	},
	"news_Id": {
		"company_news_North": 48,
		"company_news_south": 49,
		"company_news_east": 50,
		"company_news_west": 51,
		"Annual_news_eighteen": 45,
		"Annual_news_nineteen": 46
	},
	"uploadFile": {
		"MaxTotalFileSize": 1024000,
		"MaxSingleFileSize": 1024000,
		"isFileOverwrite": true,
		"isAutoNewFileName": true,
		"saveFolder": {
			"isUsingRelativePath": true,
			"absolutePath": "C://temp//",
			"relativePath": "/images"
		}
	},
	"testServer": {
		"mysql": {
			"url": "jdbc:mysql://test.ajaxjs.com/devDB?useUnicode=true&amp;characterEncoding=UTF-8&amp;useSSL=false",
			"password": "root123abc",
			"user": "root"
		}
	},
	"user": {
		"login": {
			"loginType": 7,
			"passWordLoginType": 3
		},
		"resetPassword": {
			"mailBody": "<p>hihihi</p>"
		},
		"avatar": {
			"maxWidth": 500,
			"maxHeight": 500,
			"maxSize": 1000
		}
	},
	"mailServer": {
		"server": "smtp.163.com",
		"user": "pacoweb",
		"password": "1120"
	},
	"Symmetric": {
		"AES_Key": "DFD342#@!A",
		"apiTimeout": 300000
	}
}