[
	{
		"name": "关于我们",
		"id": "about",
		"children": [
			{
				"name": "公司简介",
				"id": "intro"
			},{
				"name": "企业文化",
				"id": "cultrue"
			},{
				"name": "隐私政策",
				"id": "privacy"
			},{
				"name": "网站服务条款",
				"id": "service"
			}
		]
	},
	{
		"name": "资讯中心",
		"id": "news",
		"children": [
			{
				"name": "公司新闻",
				"id": "company"
			},{
				"name": "行业新闻",
				"id": "business"
			},{
				"name": "媒体报导",
				"id": "media"
			}
		]
	},
	{
		"name": "污水提升器",
		"id": "product",
		"children": [
			{
				"name": "污水提升器",
				"id": "house"
			},{
				"name": "废水泵",
				"id": "shop"
			},{
				"name": "污水提升站",
				"id": "department"
			},{
				"name": "一体式提升器",
				"id": "shop"
			},{
				"name": "冷凝水泵系列",
				"id": "department"
			}
		]
	},
	{
		"name": "应用案例",
		"id": "case",
		"children": [
			{
				"name": "别墅装修",
				"id": "house"
			},{
				"name": "商业办公",
				"id": "shop"
			},{
				"name": "公寓改造",
				"id": "department"
			}
		]
	},
	{
		"name": "招聘中心",
		"id": "hr"
	},
		{
		"name": "联系与留言",
		"id": "contact_feedback",
		"children": [
			{
				"name": "联系我们",
				"id": "contact"
			},{
				"name": "留言反馈",
				"id": "feedback"
			}
		]
	}
]
