<?xml version="1.0" encoding="UTF-8"?>
<beans xmlns="http://www.springframework.org/schema/beans"
	xmlns:xsi="http://www.w3.org/2001/XMLSchema-instance" xmlns:p="http://www.springframework.org/schema/p"
	xmlns:context="http://www.springframework.org/schema/context"
	xmlns:mvc="http://www.springframework.org/schema/mvc"
	xmlns:util="http://www.springframework.org/schema/util"
	xsi:schemaLocation="     
           http://www.springframework.org/schema/beans     
           http://www.springframework.org/schema/beans/spring-beans-3.0.xsd     
           http://www.springframework.org/schema/context     
           http://www.springframework.org/schema/context/spring-context-3.0.xsd    
           http://www.springframework.org/schema/mvc     
           http://www.springframework.org/schema/mvc/spring-mvc-3.0.xsd
           http://www.springframework.org/schema/util 
           http://www.springframework.org/schema/util/spring-util-4.2.xsd">

	<context:component-scan base-package="com.ajaxjs.business.controller, com.ajaxjs.framework.controlle, com.ajaxjs.framework.user" />
	<!-- <bean name="/greeting" class="hello.web.GreetingController" /> -->

	<!-- ViewResolver -->
	<bean id="viewResolver"
		class="org.springframework.web.servlet.view.InternalResourceViewResolver">
		<property name="prefix" value="/WEB-INF/jsp/" />
		<property name="suffix" value=".jsp" />
	</bean>

<!-- ！2121 -->
	<bean class="org.apache.shiro.spring.security.interceptor.AuthorizationAttributeSourceAdvisor" />

	<bean id="securityManager" class="org.apache.shiro.web.mgt.DefaultWebSecurityManager">
		<property name="realm" ref="shiroDbRealm" />
	</bean>

	<bean id="shiroDbRealm" class="com.ajaxjs.framework.service.ShiroDbRealm" />
	
	<bean id="captchaFormAuthenticationFilter" class="com.ajaxjs.framework.user.captcha.CaptchaFormAuthenticationFilter">
	    <property name="usernameParam" value="name"/>  
    	<property name="passwordParam" value="password"/>  
    	<property name="rememberMeParam" value="rememberMe"/>  
    	<property name="failureKeyAttribute" value="shiroLoginFailure"/>  
	</bean>
	
	<bean id="shiroFilter" class="org.apache.shiro.spring.web.ShiroFilterFactoryBean">
		<property name="securityManager" ref="securityManager" />
		<property name="loginUrl" value="/service/user/login" />
		<property name="successUrl" value="/service/user/welcome" />
		<property name="unauthorizedUrl" value="/service/user/unauthorized" />
		
		<property name="filters"> 
	      <util:map> 
	         <entry key="authcaptcha" value-ref="captchaFormAuthenticationFilter" /> 
	      </util:map> 
	   </property> 
		<property name="filterChainDefinitions">
			<value>
				/resources/** = anon
				/manageUsers = perms[user:manage]
				/service/user/access/loginAction = authcaptcha
				#/** = authc
			</value>
		</property>
	</bean>

	<bean id="lifecycleBeanPostProcessor" class="org.apache.shiro.spring.LifecycleBeanPostProcessor" />
	<bean class="org.springframework.aop.framework.autoproxy.DefaultAdvisorAutoProxyCreator" depends-on="lifecycleBeanPostProcessor" />

	<bean class="org.apache.shiro.spring.security.interceptor.AuthorizationAttributeSourceAdvisor">
		<property name="securityManager" ref="securityManager" />
	</bean>
</beans>


