<?xml version="1.0" encoding="UTF-8"?>
<!--
  ~ Licensed to the Apache Software Foundation (ASF) under one
  ~ or more contributor license agreements.  See the NOTICE file
  ~ distributed with this work for additional information
  ~ regarding copyright ownership.  The ASF licenses this file
  ~ to you under the Apache License, Version 2.0 (the
  ~ "License"); you may not use this file except in compliance
  ~ with the License.  You may obtain a copy of the License at
  ~
  ~     http://www.apache.org/licenses/LICENSE-2.0
  ~
  ~ Unless required by applicable law or agreed to in writing,
  ~ software distributed under the License is distributed on an
  ~ "AS IS" BASIS, WITHOUT WARRANTIES OR CONDITIONS OF ANY
  ~ KIND, either express or implied.  See the License for the
  ~ specific language governing permissions and limitations
  ~ under the License.
  -->
<beans xmlns="http://www.springframework.org/schema/beans"
       xmlns:xsi="http://www.w3.org/2001/XMLSchema-instance"
       xmlns:aop="http://www.springframework.org/schema/aop"
       xmlns:tx="http://www.springframework.org/schema/tx"
       xmlns:util="http://www.springframework.org/schema/util"
       xmlns:context="http://www.springframework.org/schema/context"
       xsi:schemaLocation="
       http://www.springframework.org/schema/beans http://www.springframework.org/schema/beans/spring-beans.xsd
       http://www.springframework.org/schema/tx http://www.springframework.org/schema/tx/spring-tx.xsd
       http://www.springframework.org/schema/aop http://www.springframework.org/schema/aop/spring-aop.xsd
       http://www.springframework.org/schema/util http://www.springframework.org/schema/util/spring-util.xsd
       http://www.springframework.org/schema/context http://www.springframework.org/schema/context/spring-context.xsd">

    <!-- Enable annotation configuration -->
    <context:annotation-config/>

    <!-- Scan sample packages for Spring annotations -->
    <context:component-scan base-package="org.apache.shiro.samples.sprhib.dao"/>
    <context:component-scan base-package="org.apache.shiro.samples.sprhib.security"/>
    <context:component-scan base-package="org.apache.shiro.samples.sprhib.service"/>

    <!-- Spring AOP auto-proxy creation (required to support Shiro annotations) -->
    <bean class="org.springframework.aop.framework.autoproxy.DefaultAdvisorAutoProxyCreator"/>


    <!-- Sample RDBMS data source that would exist in any application.  Sample is just using an in-memory HSQLDB
         instance.  Change to your application's settings for a real app. -->
    <bean id="dataSource" class="org.springframework.jdbc.datasource.DriverManagerDataSource">
        <property name="driverClassName" value="org.hsqldb.jdbcDriver"/>
        <property name="url" value="jdbc:hsqldb:mem:shiro-spring-hibernate"/>
        <property name="username" value="sa"/>
    </bean>

    <!-- Hibernate SessionFactory -->
    <bean id="sessionFactory" class="org.springframework.orm.hibernate3.annotation.AnnotationSessionFactoryBean">
        <property name="dataSource" ref="dataSource"/>
        <!-- Because we're using an in-memory database for demo purposes (which is lost every time the app
             shuts down), we have to ensure that the HSQLDB DDL is run each time the app starts.  The
             DDL is auto-generated based on the *.hbm.xml mapping definitions below. -->
        <property name="schemaUpdate" value="true"/>
        <!-- Scan packages for JPA annotations -->
        <property name="packagesToScan" value="org.apache.shiro.samples.sprhib.model"/>
        <property name="hibernateProperties">
            <props>
                <prop key="hibernate.dialect">org.hibernate.dialect.HSQLDialect</prop>
                <prop key="hibernate.jdbc.fetch_size">100</prop>
                <prop key="hibernate.cache.provider_class">net.sf.ehcache.hibernate.SingletonEhCacheProvider</prop>
            </props>
        </property>
        <property name="eventListeners">
            <map>
                <entry key="merge">
                    <bean class="org.springframework.orm.hibernate3.support.IdTransferringMergeEventListener"/>
                </entry>
            </map>
        </property>
    </bean>

    <!-- Transaction support beans -->
    <bean id="transactionManager" class="org.springframework.orm.hibernate3.HibernateTransactionManager">
        <property name="sessionFactory" ref="sessionFactory"/>
    </bean>

    <tx:annotation-driven/>


    <!-- =========================================================
         Shiro Components
         ========================================================= -->

    <!-- Shiro's main business-tier object for web-enabled applications
         (use org.apache.shiro.web.mgt.DefaultWebSecurityManager instead when there is no web environment)-->
    <bean id="securityManager" class="org.apache.shiro.web.mgt.DefaultWebSecurityManager">
        <!-- Single realm app (realm configured next, below).  If you have multiple realms, use the 'realms'
      property instead. -->
        <property name="realm" ref="sampleRealm"/>
        <!-- Uncomment this next property if you want heterogenous session access or clusterable/distributable
             sessions.  The default value is 'http' which uses the Servlet container's HttpSession as the underlying
             Session implementation.
        <property name="sessionMode" value="native"/> -->
    </bean>

    <!-- Post processor that automatically invokes init() and destroy() methods -->
    <bean id="lifecycleBeanPostProcessor" class="org.apache.shiro.spring.LifecycleBeanPostProcessor"/>

    <!-- Define the Shiro Filter here (as a FactoryBean) instead of directly in web.xml -
         web.xml uses the DelegatingFilterProxy to access this bean.  This allows us
         to wire things with more control as well utilize nice Spring things such as
         PropertiesPlaceholderConfigurer and abstract beans or anything else we might need: -->
    <bean id="shiroFilter" class="org.apache.shiro.spring.web.ShiroFilterFactoryBean">
        <property name="securityManager" ref="securityManager"/>
        <property name="loginUrl" value="/s/login"/>
        <property name="successUrl" value="/s/home"/>
        <property name="unauthorizedUrl" value="/unauthorized"/>
        <!-- The 'filters' property is usually not necessary unless performing an override, which we
             want to do here (make authc point to a PassthruAuthenticationFilter instead of the
             default FormAuthenticationFilter: -->
        <property name="filters">
            <util:map>
                <entry key="authc">
                    <bean class="org.apache.shiro.web.filter.authc.PassThruAuthenticationFilter"/>
                </entry>
            </util:map>
        </property>
        <property name="filterChainDefinitions">
            <value>
                /s/signup = anon
                /s/manageUsers = perms[user:manage]
                /s/** = authc
            </value>
        </property>
    </bean>

</beans>
